{
  "Ridge (linear)": {
    "cv_mae": 1.1841591688196456,
    "cv_std": 0.027065854185643837,
    "cv_time_s": 0.12232339999900432
  },
  "Decision Tree": {
    "cv_mae": 0.8599678020266962,
    "cv_std": 0.0046750222557622205,
    "cv_time_s": 0.19522299999880488
  },
  "Random Forest": {
    "cv_mae": 0.7447756199539928,
    "cv_std": 0.004401070326579915,
    "cv_time_s": 2.762765600000421
  },
  "HistGradientBoosting": {
    "cv_mae": 0.7324487307981674,
    "cv_std": 0.005798339267451118,
    "cv_time_s": 2.124987700000929
  },
  "XGBoost": {
    "cv_mae": 0.7083727947190944,
    "cv_std": 0.00681390920951439,
    "cv_time_s": 1.5113424000010127
  },
  "LightGBM": {
    "cv_mae": 0.7152676414024107,
    "cv_std": 0.0042640747575127,
    "cv_time_s": 3.002761300002021
  }
}